{
  "users": [
    {
      "id": "1",
      "username": "js_beginner",
      "email": "js_beginner@example.com",
      "password": "password123",
      "avatar": "https://api.dicebear.com/7.x/avataaars/svg?seed=js_beginner",
      "score": 75,
      "votes": 45,
      "questionsAsked": 2,
      "answersGiven": 5,
      "bestAnswers": 3,
      "exploreScore": 82,
      "exploreVotes": 40,
      "exploreAnswers": 19,
      "exploreBestAnswers": 4,
      "joinDate": "2024-01-15",
      "question_vote": []
    },
    {
      "id": "2",
      "username": "react_dev",
      "email": "react_dev@example.com",
      "password": "password123",
      "avatar": "https://api.dicebear.com/7.x/avataaars/svg?seed=react_dev",
      "score": 85,
      "votes": 78,
      "questionsAsked": 3,
      "answersGiven": 8,
      "bestAnswers": 5,
      "exploreScore": 78,
      "exploreVotes": 65,
      "exploreAnswers": 10,
      "exploreBestAnswers": 6,
      "joinDate": "2024-01-10",
      "question_vote": []
    },
    {
      "id": "3",
      "username": "closure_expert",
      "email": "closure_expert@example.com",
      "password": "password123",
      "avatar": "https://api.dicebear.com/7.x/avataaars/svg?seed=closure_expert",
      "score": 92,
      "votes": 92,
      "questionsAsked": 1,
      "answersGiven": 12,
      "bestAnswers": 8,
      "exploreScore": 88,
      "exploreVotes": 75,
      "exploreAnswers": 9,
      "exploreBestAnswers": 7,
      "joinDate": "2024-01-05",
      "question_vote": []
    },
    {
      "id": "4",
      "username": "js_teacher",
      "email": "js_teacher@example.com",
      "password": "password123",
      "avatar": "https://api.dicebear.com/7.x/avataaars/svg?seed=js_teacher",
      "score": 95,
      "votes": 120,
      "questionsAsked": 0,
      "answersGiven": 15,
      "bestAnswers": 10,
      "exploreScore": 90,
      "exploreVotes": 95,
      "exploreAnswers": 12,
      "exploreBestAnswers": 9,
      "joinDate": "2024-01-01",
      "question_vote": []
    },
    {
      "id": "5",
      "username": "frontend_architect",
      "email": "frontend_architect@example.com",
      "password": "password123",
      "avatar": "https://api.dicebear.com/7.x/avataaars/svg?seed=frontend_architect",
      "score": 88,
      "votes": 105,
      "questionsAsked": 2,
      "answersGiven": 10,
      "bestAnswers": 7,
      "exploreScore": 85,
      "exploreVotes": 88,
      "exploreAnswers": 11,
      "exploreBestAnswers": 8,
      "joinDate": "2024-01-08",
      "question_vote": []
    },
    {
      "id": "6",
      "username": "js_mentor",
      "email": "js_mentor@example.com",
      "password": "password123",
      "avatar": "https://api.dicebear.com/7.x/avataaars/svg?seed=js_mentor",
      "score": 96,
      "votes": 150,
      "questionsAsked": 1,
      "answersGiven": 18,
      "bestAnswers": 12,
      "exploreScore": 94,
      "exploreVotes": 120,
      "exploreAnswers": 15,
      "exploreBestAnswers": 11,
      "joinDate": "2024-01-03",
      "question_vote": []
    },
    {
      "id": "7",
      "username": "code_reviewer",
      "email": "code_reviewer@example.com",
      "password": "password123",
      "avatar": "https://api.dicebear.com/7.x/avataaars/svg?seed=code_reviewer",
      "score": 82,
      "votes": 85,
      "questionsAsked": 0,
      "answersGiven": 9,
      "bestAnswers": 6,
      "exploreScore": 80,
      "exploreVotes": 72,
      "exploreAnswers": 8,
      "exploreBestAnswers": 5,
      "joinDate": "2024-01-12",
      "question_vote": []
    },
    {
      "id": "8",
      "username": "async_ninja",
      "email": "async_ninja@example.com",
      "password": "password123",
      "avatar": "https://api.dicebear.com/7.x/avataaars/svg?seed=async_ninja",
      "score": 90,
      "votes": 115,
      "questionsAsked": 1,
      "answersGiven": 13,
      "bestAnswers": 9,
      "exploreScore": 87,
      "exploreVotes": 98,
      "exploreAnswers": 14,
      "exploreBestAnswers": 10,
      "joinDate": "2024-01-07",
      "question_vote": []
    },
    {
      "id": "9",
      "username": "js_wizard",
      "email": "js_wizard@example.com",
      "password": "password123",
      "avatar": "https://api.dicebear.com/7.x/avataaars/svg?seed=js_wizard",
      "score": 93,
      "votes": 135,
      "questionsAsked": 0,
      "answersGiven": 16,
      "bestAnswers": 11,
      "exploreScore": 91,
      "exploreVotes": 110,
      "exploreAnswers": 13,
      "exploreBestAnswers": 10,
      "joinDate": "2024-01-04",
      "question_vote": []
    },
    {
      "id": "10",
      "username": "SleepyHead",
      "email": "sleepyhead@example.com",
      "password": "password123",
      "avatar": "https://api.dicebear.com/7.x/avataaars/svg?seed=SleepyHead",
      "score": 70,
      "votes": 35,
      "questionsAsked": 1,
      "answersGiven": 4,
      "bestAnswers": 2,
      "exploreScore": 75,
      "exploreVotes": 30,
      "exploreAnswers": 5,
      "exploreBestAnswers": 3,
      "joinDate": "2024-01-20",
      "question_vote": []
    },
    {
      "id": "11",
      "username": "MathConfused",
      "email": "mathconfused@example.com",
      "password": "password123",
      "avatar": "https://api.dicebear.com/7.x/avataaars/svg?seed=MathConfused",
      "score": 65,
      "votes": 26,
      "questionsAsked": 2,
      "answersGiven": 3,
      "bestAnswers": 1,
      "exploreScore": 68,
      "exploreVotes": 22,
      "exploreAnswers": 4,
      "exploreBestAnswers": 2,
      "joinDate": "2024-01-18",
      "question_vote": []
    },
    {
      "id": "12",
      "username": "CuriousCoder",
      "email": "curiouscoder@example.com",
      "password": "password123",
      "avatar": "https://api.dicebear.com/7.x/avataaars/svg?seed=CuriousCoder",
      "score": 80,
      "votes": 50,
      "questionsAsked": 3,
      "answersGiven": 6,
      "bestAnswers": 4,
      "exploreScore": 78,
      "exploreVotes": 45,
      "exploreAnswers": 8,
      "exploreBestAnswers": 5,
      "joinDate": "2024-01-16",
      "question_vote": []
    },
    {
      "id": "13",
      "username": "CodeNewbie",
      "email": "codenewbie@example.com",
      "password": "password123",
      "avatar": "https://api.dicebear.com/7.x/avataaars/svg?seed=CodeNewbie",
      "score": 60,
      "votes": 20,
      "questionsAsked": 4,
      "answersGiven": 2,
      "bestAnswers": 1,
      "exploreScore": 65,
      "exploreVotes": 18,
      "exploreAnswers": 3,
      "exploreBestAnswers": 1,
      "joinDate": "2024-01-22",
      "question_vote": []
    },
    {
      "id": "14",
      "username": "TechExplorer",
      "email": "techexplorer@example.com",
      "password": "password123",
      "avatar": "https://api.dicebear.com/7.x/avataaars/svg?seed=TechExplorer",
      "score": 85,
      "votes": 60,
      "questionsAsked": 2,
      "answersGiven": 7,
      "bestAnswers": 5,
      "exploreScore": 85,
      "exploreVotes": 58,
      "exploreAnswers": 13,
      "exploreBestAnswers": 6,
      "joinDate": "2024-01-14",
      "question_vote": []
    },
    {
      "id": "15",
      "username": "GeometryGuru",
      "email": "geometryguru@example.com",
      "password": "password123",
      "avatar": "https://api.dicebear.com/7.x/avataaars/svg?seed=GeometryGuru",
      "score": 85,
      "votes": 70,
      "questionsAsked": 1,
      "answersGiven": 8,
      "bestAnswers": 5,
      "exploreScore": 82,
      "exploreVotes": 65,
      "exploreAnswers": 10,
      "exploreBestAnswers": 7,
      "joinDate": "2024-01-13",
      "question_vote": []
    }
  ],
  "topics": [
    {
      "id": "1",
      "name": "Physics"
    },
    {
      "id": "2",
      "name": "Mathematics"
    },
    {
      "id": "3",
      "name": "Biology"
    },
    {
      "id": "4",
      "name": "Computer Science"
    },
    {
      "id": "5",
      "name": "History"
    }
  ],
  "questions": [
    {
      "id": "1",
      "title": "What is a closure in JavaScript?",
      "author": "js_expert",
      "topic": "Computer Science",
      "tags": [
        "javascript",
        "closures",
        "functions"
      ],
      "body": "I've heard about closures but I'm not sure what they are. Can someone explain in simple terms?",
      "solved": true
    },
    {
      "id": "2",
      "title": "How does React's virtual DOM work?",
      "author": "react_learner",
      "topic": "Computer Science",
      "tags": [
        "react",
        "virtual-dom",
        "performance"
      ],
      "body": "I keep hearing about virtual DOM but I don't understand how it makes React fast. Can someone explain?",
      "solved": false
    },
    {
      "id": "3",
      "title": "What's the difference between let, const, and var?",
      "author": "js_beginner",
      "topic": "Computer Science",
      "tags": [
        "javascript",
        "variables",
        "scope"
      ],
      "body": "I'm confused about when to use let, const, or var. Can someone explain the differences?",
      "solved": true
    },
    {
      "id": "4",
      "title": "How does async/await work in JavaScript?",
      "author": "async_learner",
      "topic": "Computer Science",
      "tags": [
        "javascript",
        "async",
        "promises"
      ],
      "body": "I understand promises but async/await is still confusing. Can someone break it down?",
      "solved": false
    },
    {
      "id": "101",
      "title": "Why is the sky blue?",
      "author": "CuriousKid",
      "topic": "Physics",
      "tags": [
        "visual",
        "nature",
        "light"
      ],
      "body": "My little sister asked me why the sky is blue and not purple or green. I tried to explain Rayleigh scattering but she got bored. How can I explain it really simply?",
      "solved": false
    },
    {
      "id": "102",
      "title": "How does a computer store pictures?",
      "author": "TechNewbie",
      "topic": "Computer Science",
      "tags": [
        "analogy",
        "digital"
      ],
      "body": "I know pictures are made of pixels, but how does the computer remember all the colors for millions of pixels? Is it like a giant list? How does it not run out of space?",
      "solved": false
    },
    {
      "id": "103",
      "title": "What are imaginary numbers?",
      "author": "MathConfused",
      "topic": "Mathematics",
      "tags": [
        "abstract",
        "story"
      ],
      "body": "My teacher mentioned imaginary numbers (like sqrt(-1)) but didn't explain *why* they exist or what they are used for. Are they actually real? Can someone explain the point?",
      "solved": true
    },
    {
      "id": "104",
      "title": "Why do we dream?",
      "author": "SleepyHead",
      "topic": "Biology",
      "tags": [
        "psychology",
        "brain"
      ],
      "body": "Sometimes my dreams are really weird and random. What's happening in my brain when I dream? Is it important?",
      "solved": false
    },
    {
      "id": "174420906634014",
      "title": "Crocodile vs Alligator",
      "body": "Who wins",
      "topic": "Biology",
      "tags": [],
      "author": "js_beginner",
      "solved": false
    }
  ],
  "answers": [
    {
      "id": "201",
      "questionId": 101,
      "author": "SimplifierBot",
      "body": "Imagine sunlight is like a mix of all colors (like in a rainbow). When it hits the air, the tiny bits of air scatter the blue light much more than other colors. So, the blue light spreads all over the sky, making it look blue to us!",
      "votes": 5
    },
    {
      "id": "202",
      "questionId": 101,
      "author": "ScienceMom",
      "body": "Think of the air like tiny obstacles. Blue light bounces off them easily and goes everywhere, while red light travels straighter. That's why sunsets are red - the blue light got scattered away earlier!",
      "votes": 3
    },
    {
      "id": "203",
      "questionId": 102,
      "author": "CodeWizard",
      "body": "It's like a huge coloring book! The computer divides the picture into tiny squares (pixels) and assigns a specific number to the color of each square. It stores these numbers in order, like writing them down on a very, very long scroll.",
      "votes": 8
    },
    {
      "id": "204",
      "questionId": 103,
      "author": "MathGuru",
      "body": "They aren't \"imaginary\" like unicorns! Think of them as a new direction on a number line. You have left/right (positive/negative), and imaginary numbers add up/down. They help solve problems that regular numbers can't, especially in electronics and waves.",
      "votes": 19
    },
    {
      "id": "1",
      "questionId": 1,
      "author": "closure_expert",
      "body": "Think of a closure like a backpack that a function carries around. When a function is created, it can 'remember' variables from its parent scope, even after the parent function has finished running. It's like having a little memory box that keeps track of things it needs to know about.",
      "votes": 17
    },
    {
      "id": "2",
      "questionId": 1,
      "author": "js_teacher",
      "body": "Imagine you're at a party (the outer function) and you take a photo (the inner function). The photo captures not just you, but also the people and decorations around you. Even after the party ends, the photo still has that 'memory' of the environment. That's what closures do - they remember their surroundings!",
      "votes": 12
    },
    {
      "id": "3",
      "questionId": 2,
      "author": "react_dev",
      "body": "Think of the virtual DOM like a blueprint of your house. Instead of rebuilding the entire house when you want to change a light bulb, React first updates the blueprint (virtual DOM), compares it with the old blueprint, and only changes what's necessary in the actual house (real DOM). This makes updates much faster!",
      "votes": 11
    },
    {
      "id": "4",
      "questionId": 2,
      "author": "frontend_architect",
      "body": "The virtual DOM is like having a practice sketch before making the final drawing. React keeps a 'practice' version of your UI in memory, makes all the changes there first, then only updates the real webpage with the final changes. This way, it doesn't have to redraw everything from scratch!",
      "votes": 10
    },
    {
      "id": "5",
      "questionId": 3,
      "author": "js_mentor",
      "body": "Think of variables like different types of boxes in your room. 'var' is like a box you can open and change anytime, anywhere. 'let' is like a box you can only open in your room (block scope). 'const' is like a sealed box - once you put something in, you can't change it!",
      "votes": 22
    },
    {
      "id": "6",
      "questionId": 3,
      "author": "code_reviewer",
      "body": "It's like having different types of containers in your kitchen. 'var' is like a general container you can use anywhere. 'let' is like a container you can only use in a specific cabinet. 'const' is like a sealed container - once you put something in, it's permanent!",
      "votes": 15
    },
    {
      "id": "7",
      "questionId": 4,
      "author": "async_ninja",
      "body": "Think of async/await like ordering food at a restaurant. When you order (async), you don't just stand there waiting - you can do other things (like chat) while your food is being prepared. When it's ready (await), you can eat it. It's a way to handle waiting without blocking everything else!",
      "votes": 19
    },
    {
      "id": "8",
      "questionId": 4,
      "author": "js_wizard",
      "body": "Async/await is like having a personal assistant. You tell them to do something (async), and instead of waiting around, you can do other work. When they're done, they'll let you know (await), and you can continue with the result. It's a cleaner way to handle things that take time!",
      "votes": 14
    },
    {
      "id": "1744206937480291",
      "questionId": 101,
      "author": "ELI5 Helper",
      "body": "Imagine the sun is like a giant flashlight sending out all the colors of the rainbow mixed together.  \n\nWhen that light hits the air, tiny tiny things in the air, smaller than even a speck of dust, bounce the light around like a bouncy ball.  \n\nThe blue light is the best at bouncing off these tiny things and all over the place! That's why we see blue all around us in the sky.  The other colors, like red and purple, are too big to bounce around as much.  They go straight through!\n\nSo, it's like a bouncy ball game where blue is the champion bouncer and we see it everywhere, even though all the colors were there to start with.\n",
      "votes": 0
    },
    {
      "id": "1744209001378461",
      "questionId": 102,
      "author": "ELI5 Helper",
      "body": "Okay, imagine you have a giant LEGO board, and you want to build a picture of a cat using LEGO bricks of different colors.\n\n*   **The LEGO board is like the computer screen.** It has lots of little spots where you can put a brick. Each spot is a pixel!\n\n*   **The different colored LEGO bricks are like the colors of the pixels.** You need to know which colored brick goes on each spot to make your cat picture look right.\n\nNow, how does the computer remember which color goes where? It's kind of like a giant list, but it's not just *any* list. It's a very clever list!\n\n1.  **Each color gets a secret code!** Instead of saying \"red,\" the computer might use the number \"1\".  Instead of saying \"blue,\" it might use the number \"2\". And so on. It doesn't use *just* single numbers like 1 and 2, it uses bigger numbers depending on how many colors it wants to be able to show.\n\n2.  **The list is organized!** The computer makes a list that tells it which secret color code goes to which pixel spot on the screen. So it might say:\n\n    *   Spot #1: Code 1 (red)\n    *   Spot #2: Code 1 (red)\n    *   Spot #3: Code 2 (blue)\n    *   ... and so on, for millions of spots!\n\n3.  **Making the list smaller!** Sometimes, lots of spots have the *same* color next to each other. Instead of writing the same color code over and over, the computer can be clever and say things like \"Spot #1 to Spot #100: All Code 1 (red)!\" That saves a lot of space! This is like using bigger LEGO bricks that cover more spots at once!\n\n4.  **Not running out of space!** Computers have big \"boxes\" called hard drives or storage (like a giant LEGO storage bin!). These boxes have lots of space to store the color code lists for many, many pictures. It is like having a giant LEGO storage container so you can store lots of LEGO brick pictures.\n\nSo, it's like a giant, organized list of secret color codes for each spot (pixel) on the screen. And computers are clever at making those lists smaller so they can store lots and lots of pictures in their big storage \"boxes.\"\n",
      "votes": 0
    },
    {
      "id": "1744209070350518",
      "questionId": 174420906634014,
      "author": "ELI5 Helper",
      "body": "Okay, imagine you have two big, snappy friends: a crocodile and an alligator.\n\nThis question is asking us: If we put a crocodile and an alligator in a ring (like a wrestling ring!), and they had a fight, who do you think would be the strongest and win?  We have to think about which one is bigger, has sharper teeth, and is a better fighter to guess who would win the fight!\n",
      "votes": 0
    }
  ],
  "exploreData": {
    "topicsByGradeSubject": {
      "Grade 9-Math": [
        {
          "id": "301",
          "name": "Pythagorean Theorem",
          "questions": [
            "In a right-angled triangle, how are the lengths of the three sides related? Explain a² + b² = c² simply.",
            "How can I prove the Pythagorean theorem using a diagram?"
          ],
          "answers": [
            {
              "id": "401",
              "questionIndex": 0,
              "author": "GeometryGuru",
              "body": "Imagine squares drawn on each side of a right triangle. The area of the two smaller squares added together exactly equals the area of the biggest square (the one on the longest side, called the hypotenuse).",
              "votes": 12
            },
            {
              "id": "402",
              "questionIndex": 0,
              "author": "VisualMath",
              "body": "Think of it like rearranging puzzle pieces. You can actually cut up the squares on the two shorter sides and fit them perfectly inside the square on the longest side.",
              "votes": 8
            },
            {
              "id": "418",
              "questionIndex": 0,
              "author": "ELI5 Helper",
              "body": "Imagine you have a right-angled triangle (one angle is exactly 90°). If you draw a square on each of the three sides, the Pythagorean theorem tells us that the two smaller squares add up to exactly the same area as the big square! It's like if you had two small pizza boxes that together had exactly the same amount of pizza as one large box. We write this as a² + b² = c², where a and b are the sides that make the right angle, and c is the longest side (hypotenuse).",
              "votes": 10
            },
            {
              "id": "501",
              "questionIndex": 1,
              "author": "ELI5 Helper",
              "body": "One of the easiest ways to prove the Pythagorean theorem is with a visual demonstration! Draw a right triangle with sides a, b, and hypotenuse c. Now draw a square on each side. The theorem says the area of the square on side c equals the sum of the areas of squares on sides a and b. You can prove this by drawing four identical right triangles inside a big square, arranging them to create a smaller square in the middle. The area of the middle square is c², and the remaining area in the big square can be rearranged to show it equals a² + b². It's like a puzzle where all the pieces fit perfectly to demonstrate a² + b² = c²!",
              "votes": 7
            }
          ],
          "question_votes": []
        },
        {
          "id": "302",
          "name": "Solving Linear Equations",
          "questions": [
            "What does it mean to \"solve for x\" in an equation like 2x + 3 = 11? How do you figure out what x is?",
            "How do you solve equations with variables on both sides?"
          ],
          "answers": [
            {
              "id": "403",
              "questionIndex": 0,
              "author": "AlgebraAnnie",
              "body": "It's like a balancing scale. The equals sign means both sides are balanced. To find x, you do the same thing to both sides (like taking away 3, then dividing by 2) to keep it balanced until x is alone.",
              "votes": 15
            },
            {
              "id": "419",
              "questionIndex": 0,
              "author": "ELI5 Helper",
              "body": "Solving for x means finding what number x must be to make the equation true. Think of an equation like 2x + 3 = 11 as a balance scale. The equals sign is the middle of the scale, and both sides must weigh the same. To find x, we need to get it alone on one side. First, we subtract 3 from both sides to get 2x = 8 (we must do the same to both sides to keep them balanced). Then, we divide both sides by 2 to get x = 4. So x equals 4, and we can check this: 2(4) + 3 = 11. It works!",
              "votes": 12
            },
            {
              "id": "502",
              "questionIndex": 1,
              "author": "ELI5 Helper",
              "body": "When you have variables on both sides, like 3x + 2 = 5x - 4, the goal is still to get all the variables on one side and all the numbers on the other side. Think of it like collecting similar toys into separate bins. First, subtract the smaller variable term from both sides. For example, subtract 3x from both sides to get 2 = 2x - 4. Then, solve as usual! Add 4 to both sides: 6 = 2x. Divide both sides by 2: 3 = x. The key is to get all x terms together on one side by adding or subtracting the same amount from both sides of the equation, keeping everything balanced.",
              "votes": 9
            }
          ],
          "question_votes": []
        }
      ],
      "Grade 9-Science": [
        {
          "id": "303",
          "name": "Photosynthesis",
          "questions": [
            "How do plants make their own food using sunlight, water, and air? Explain photosynthesis simply.",
            "Why are plant leaves green and how does this relate to photosynthesis?"
          ],
          "answers": [
            {
              "id": "404",
              "questionIndex": 0,
              "author": "BiologyBen",
              "body": "Plants are like tiny chefs! They take water from the ground, carbon dioxide from the air, and use the energy from sunlight to mix them together inside their leaves, creating sugary food (glucose) to live and grow. Oxygen is leftover, which they release for us to breathe!",
              "votes": 10
            },
            {
              "id": "420",
              "questionIndex": 0,
              "author": "ELI5 Helper",
              "body": "Plants are amazing because they can make their own food using a process called photosynthesis! Imagine plants as tiny factories. They take in ingredients: water from their roots, carbon dioxide from the air, and energy from sunlight (captured by the green chlorophyll in their leaves). Inside special structures called chloroplasts, plants use these ingredients to build sugar molecules, which is their food. As a bonus, they release oxygen as a waste product, which we and other animals need to breathe! The formula is simple: Water + Carbon Dioxide + Sunlight Energy → Sugar + Oxygen. It's like having a solar-powered bakery inside each leaf!",
              "votes": 11
            },
            {
              "id": "503",
              "questionIndex": 1,
              "author": "ELI5 Helper",
              "body": "Plant leaves are green because they contain a special pigment called chlorophyll that reflects green light while absorbing other colors, especially red and blue light. This is directly related to photosynthesis because chlorophyll is the key molecule that captures sunlight energy to power the food-making process! Think of chlorophyll like tiny solar panels that are specially designed to catch certain wavelengths of light. The energy from this absorbed light is what drives the chemical reactions of photosynthesis. Interestingly, the green light that's reflected isn't very useful for photosynthesis - plants appear green precisely because they're NOT using that part of the light spectrum. That's why leaves often change color in fall when chlorophyll breaks down - we finally see the other pigments that were there all along!",
              "votes": 8
            }
          ],
          "question_votes": []
        }
      ],
      "Grade 10-Math": [
        {
          "id": "304",
          "name": "Quadratic Formula",
          "questions": [
            "What is the quadratic formula used for, and how does it help find the solutions to equations like ax² + bx + c = 0?",
            "When would I use the quadratic formula instead of factoring?"
          ],
          "answers": [
            {
              "id": "413",
              "questionIndex": 0,
              "author": "ELI5 Helper",
              "body": "The quadratic formula is like a magic key that unlocks the answers to equations with x². When you have ax² + bx + c = 0, you can find the values of x by using the formula: x = (-b ± √(b² - 4ac)) / 2a. It's like having a recipe that always works! When you plug in the values of a, b, and c, you'll find where the graph of the equation crosses the x-axis. The ± means you usually get two answers - like finding both a front door and back door to the same house!",
              "votes": 5
            },
            {
              "id": "504",
              "questionIndex": 1,
              "author": "ELI5 Helper",
              "body": "You'd use the quadratic formula instead of factoring when factoring is difficult or impossible! Factoring is like trying to guess the lock combination - it's quick when it works, but sometimes there just isn't a nice, clean factorization with whole numbers. For example, x² + x + 1 = 0 can't be factored using real numbers. The quadratic formula is your guaranteed method that always works for any quadratic equation. It's especially helpful when: 1) The numbers don't factor nicely (like x² + 3x + 2.5), 2) You get irrational or complex solutions, or 3) You're solving many problems and want a consistent approach. Think of factoring as a shortcut and the quadratic formula as your reliable backup plan!",
              "votes": 6
            }
          ],
          "question_votes": []
        }
      ],
      "Grade 8-Math": [
        {
          "id": "305",
          "name": "Factors and Multiples",
          "questions": [
            "What's the difference between factors and multiples? How do you find them for a number?",
            "How do you find the greatest common factor (GCF) and least common multiple (LCM) of two numbers?"
          ],
          "answers": [
            {
              "id": "405",
              "questionIndex": 0,
              "author": "MathWizard",
              "body": "Think of factors as the building blocks of a number. They're what you can multiply together to get that number. For example, the factors of 12 are 1, 2, 3, 4, 6, and 12. Multiples, on the other hand, are what you get when you multiply a number by 1, 2, 3, and so on. So the multiples of 3 are 3, 6, 9, 12, etc.",
              "votes": 8
            },
            {
              "id": "421",
              "questionIndex": 0,
              "author": "ELI5 Helper",
              "body": "Think of factors as the numbers that can divide evenly into another number with no leftovers. They're like the ingredients that can be multiplied to make a number. For example, the factors of 12 are 1, 2, 3, 4, 6, and 12 because each of these divides 12 perfectly. Multiples are what you get when you count by that number: 5, 10, 15, 20... are multiples of 5. An easy way to remember: factors are smaller than or equal to the number, while multiples are bigger than or equal to the number (except for zero). To find factors, try dividing the number by smaller numbers to see what works!",
              "votes": 8
            },
            {
              "id": "505",
              "questionIndex": 1,
              "author": "ELI5 Helper",
              "body": "Finding the Greatest Common Factor (GCF) and Least Common Multiple (LCM) is like looking for shared features between numbers! For the GCF, list all factors of each number and find the largest one they share. For example, the factors of 12 are 1, 2, 3, 4, 6, 12 and the factors of 18 are 1, 2, 3, 6, 9, 18. The largest they share is 6, so GCF(12,18) = 6. For the LCM, list the multiples of each number and find the smallest one they share. Multiples of 12: 12, 24, 36, 48... Multiples of 18: 18, 36, 54... The smallest they share is 36, so LCM(12,18) = 36. A quicker way is to find the prime factorization of each number. The GCF uses the shared prime factors with the smallest exponents, while the LCM uses all prime factors with the highest exponents.",
              "votes": 7
            }
          ],
          "question_votes": []
        },
        {
          "id": "306",
          "name": "Introduction to Variables",
          "questions": [
            "What are variables in math and why do we use letters like x and y?",
            "How do you solve simple equations with variables?"
          ],
          "answers": [
            {
              "id": "414",
              "questionIndex": 0,
              "author": "ELI5 Helper",
              "body": "Variables are like empty boxes that can hold any number. We use letters like x and y because we don't know what number goes in the box yet! Think of it like a mystery present - you know there's something inside, but you need to solve the problem to find out what it is. Variables help us write rules that work for many different numbers at once. For example, in 2x + 3 = 11, x is just waiting for you to figure out which number makes the equation true!",
              "votes": 6
            },
            {
              "id": "506",
              "questionIndex": 1,
              "author": "ELI5 Helper",
              "body": "Solving simple equations with variables is like finding a hidden treasure! Your goal is to isolate the variable (like x) on one side of the equals sign. Follow these steps: 1) Combine like terms on each side (e.g., 2x + 3x = 5x). 2) Use opposite operations to move numbers to the other side - addition undoes subtraction, multiplication undoes division. For example, to solve x + 5 = 12, subtract 5 from both sides: x = 7. For 2x = 10, divide both sides by 2: x = 5. Always do the same operation to both sides to keep the equation balanced, like a seesaw. Finally, check your answer by plugging it back into the original equation. If both sides are equal, you found the treasure!",
              "votes": 5
            }
          ],
          "question_votes": []
        }
      ],
      "Grade 8-Science": [
        {
          "id": "307",
          "name": "States of Matter",
          "questions": [
            "What are the different states of matter and how do they change from one to another?",
            "What happens at the molecular level during phase changes?"
          ],
          "answers": [
            {
              "id": "406",
              "questionIndex": 0,
              "author": "ScienceTeacher",
              "body": "Matter exists in three main states: solid, liquid, and gas. Think of water: as ice (solid), the molecules are packed tightly together. As liquid water, they can slide past each other. As steam (gas), they're free to move anywhere. Adding heat makes molecules move faster, changing from solid to liquid to gas (melting, then evaporation). Taking heat away does the opposite (condensation, then freezing).",
              "votes": 9
            },
            {
              "id": "422",
              "questionIndex": 0,
              "author": "ELI5 Helper",
              "body": "Imagine tiny particles called molecules that make up everything. In solids (like ice), these particles are locked in place like children holding hands tightly in a game - they can wiggle but not move around much. In liquids (like water), the particles are loosely holding hands - they can slide past each other but still stay close. In gases (like steam), they're not holding hands at all - they zoom around freely! To change states, we add or remove energy: adding heat lets particles move more (melting ice to water, or boiling water to steam), while removing heat makes them slow down and get closer (condensing steam to water, or freezing water to ice). There's also plasma (like in stars), where particles are so hot they break apart!",
              "votes": 10
            },
            {
              "id": "507",
              "questionIndex": 1,
              "author": "ELI5 Helper",
              "body": "During phase changes, it's all about energy and how molecules are arranged! When a solid melts into a liquid (like ice to water), the added heat energy makes the molecules vibrate so much that they break free from their rigid structure. They're still close together, but now they can slide around each other. The temperature stays constant during melting because all the added energy is used to break those bonds, not to make molecules move faster. When a liquid boils into a gas, even more energy is added, breaking the loose bonds completely so molecules can zoom around freely. The reverse happens when cooling: during condensation (gas to liquid), molecules slow down and start to loosely bond, releasing energy. During freezing (liquid to solid), they arrange themselves in a rigid pattern, releasing more energy. It's like switching between a military formation (solid), a crowded dance floor (liquid), and a chaotic playground (gas)!",
              "votes": 8
            }
          ],
          "question_votes": []
        }
      ],
      "Grade 10-Science": [
        {
          "id": "308",
          "name": "DNA Structure",
          "questions": [
            "What is DNA and how is it structured? Explain why it's often described as a 'double helix'.",
            "How does DNA store genetic information?"
          ],
          "answers": [
            {
              "id": "407",
              "questionIndex": 0,
              "author": "BioCurious",
              "body": "DNA is like a twisted ladder. The sides of the ladder are made of sugar and phosphate molecules. The rungs of the ladder are pairs of chemicals called bases (A, T, G, and C). A always pairs with T, and G always pairs with C. The whole ladder is twisted into a spiral shape - that's the 'double helix'! This structure holds the instructions for building and operating living things.",
              "votes": 14
            },
            {
              "id": "423",
              "questionIndex": 0,
              "author": "ELI5 Helper",
              "body": "DNA is like a super long instruction manual for building and running your body! Its structure is really cool - imagine a twisty spiral staircase that's been stretched out super long. The railings of the staircase are made of sugar and phosphate molecules. The steps connecting the two sides are made of special chemical pairs: A always connects to T, and G always connects to C (these are called base pairs). The whole thing twists around like a corkscrew, creating what scientists call a 'double helix.' DNA is incredibly tiny - your cells contain about 6 feet of DNA if stretched out, all packed into a space you can't see without a microscope! This twisted ladder contains the code for everything from your eye color to how your body fights diseases.",
              "votes": 13
            }
          ],
          "question_votes": []
        }
      ],
      "Grade 11-Math": [
        {
          "id": "309",
          "name": "Calculus Basics",
          "questions": [
            "What is calculus used for, and what do derivatives and integrals actually mean?",
            "How is calculus applied in real-world situations?"
          ],
          "answers": [
            {
              "id": "408",
              "questionIndex": 0,
              "author": "MathProfessor",
              "body": "Calculus helps us understand things that are constantly changing. A derivative tells you how fast something is changing at a specific moment - like the speedometer in your car shows your speed at that instant. An integral is like adding up tiny pieces to find a total - like finding the total distance traveled by adding up all the tiny distances covered each second of your journey.",
              "votes": 18
            },
            {
              "id": "424",
              "questionIndex": 0,
              "author": "ELI5 Helper",
              "body": "Calculus is math that helps us understand things that aren't constant but are always changing. Imagine you're driving a car - the derivative is like your speedometer, telling you exactly how fast you're going at any exact moment. If your speed keeps changing, the derivative tells you precisely how quickly it's changing right now. The integral is like your odometer - it adds up all those little bits of distance to tell you the total distance traveled. Calculus is super useful for understanding motion, growth, electrical systems, economics, and basically anything where change happens! It lets us break complicated changes into tiny pieces we can analyze, then put them back together to see the big picture.",
              "votes": 16
            },
            {
              "id": "509",
              "questionIndex": 1,
              "author": "ELI5 Helper",
              "body": "Calculus powers so many real-world applications! Engineers use it to design roller coasters by calculating the perfect curves and forces. Doctors use it to determine how fast medicines spread through your body and how to dose them correctly. Economists use calculus to predict how markets change and find the optimal price for products. Scientists use it to model population growth, climate change, and the spread of diseases. Even your phone's GPS uses calculus to continuously calculate your position! Sports analysts use it to find the perfect angle for a basketball shot. Computer graphics use calculus for realistic animations and movements. The list goes on and on! Anytime someone needs to understand, predict, or optimize something that changes continuously, calculus is the mathematical tool of choice. It's like having special glasses that let you see how things change and accumulate in the world around you.",
              "votes": 11
            }
          ],
          "question_votes": []
        },
        {
          "id": "310",
          "name": "Trigonometric Functions",
          "questions": [
            "What are sine, cosine, and tangent, and why are they important in math?",
            "How are the trigonometric functions related to the unit circle?"
          ],
          "answers": [
            {
              "id": "415",
              "questionIndex": 0,
              "author": "ELI5 Helper",
              "body": "Imagine a circle with a radius of 1. If you pick a point on that circle and draw a line to it from the center, sine is how high up the point is, cosine is how far to the right it is, and tangent is simply sine divided by cosine! These functions help us understand anything that repeats in a pattern - like waves, music, seasons, or circular motion. They're super important because they let us break down complicated patterns into simple pieces and make predictions about things that go around and around or up and down repeatedly!",
              "votes": 9
            },
            {
              "id": "510",
              "questionIndex": 1,
              "author": "ELI5 Helper",
              "body": "The unit circle is the perfect way to understand trigonometric functions! Imagine a circle with radius 1 centered at the origin of a coordinate plane. Now, pick any angle and draw a line from the center to a point on the circle. The x-coordinate of that point is the cosine of the angle, and the y-coordinate is the sine! That's why cos(0°) = 1 and sin(0°) = 0 - at 0°, you're at point (1,0) on the circle. As you move counterclockwise, both coordinates change, creating the beautiful sine and cosine waves. Tangent is simply the ratio of sine to cosine (or y/x), which represents the slope of the line from the origin to that point. This is why trigonometric functions repeat - when you go all the way around the circle (360°), you end up back where you started! The unit circle makes these relationships visual and helps explain why these functions are so useful for describing circular and periodic movement.",
              "votes": 7
            }
          ],
          "question_votes": []
        }
      ],
      "Grade 11-Science": [
        {
          "id": "311",
          "name": "Newton's Laws of Motion",
          "questions": [
            "What are Newton's three laws of motion and how do they explain everyday movement?",
            "How do Newton's laws apply to rocket propulsion?"
          ],
          "answers": [
            {
              "id": "409",
              "questionIndex": 0,
              "author": "PhysicsExpert",
              "body": "First law: Things stay still or keep moving unless a force acts on them. Like a book on a table stays put until you push it. Second law: The bigger the force, the bigger the acceleration (Force = mass × acceleration). A small push moves a shopping cart a little, a big push moves it a lot. Third law: Every action has an equal and opposite reaction. When you jump, you push down on the ground, and the ground pushes you up!",
              "votes": 16
            },
            {
              "id": "425",
              "questionIndex": 0,
              "author": "ELI5 Helper",
              "body": "Newton's laws are like the basic rules of how things move! First law (Inertia): Things want to keep doing what they're already doing. If something is sitting still, it wants to stay still. If it's moving, it wants to keep moving in the same direction. That's why you wear seatbelts - your body wants to keep moving forward when the car stops! Second law (F=ma): The bigger something is, the harder it is to move or stop. And the more force you apply, the faster it speeds up or slows down. That's why it's easier to push an empty shopping cart than a full one! Third law (Action-Reaction): For every push, there's an equal push back in the opposite direction. When you jump, you push down on the ground, and the ground pushes you up with equal force. These three simple rules explain almost all movement we see every day!",
              "votes": 15
            },
            {
              "id": "511",
              "questionIndex": 1,
              "author": "ELI5 Helper",
              "body": "Rocket propulsion is Newton's Third Law in spectacular action! The rocket engine burns fuel to create hot gases that push downward with tremendous force. According to the third law, this downward push creates an equal and opposite reaction - pushing the rocket upward! It's like sitting on a rolling office chair and throwing a heavy ball forward - you'll roll backward. The faster and more mass the rocket expels, the greater the force pushing it forward (that's the Second Law, F=ma). And once in space, the rocket keeps moving without fuel thanks to the First Law (inertia) because there's no air resistance to slow it down. This is why rockets need so much fuel at liftoff - they need extra force to overcome both Earth's gravity AND their own massive weight. As they burn fuel, they become lighter, allowing them to accelerate even faster with the same force. It's all three laws working together to get humans to space!",
              "votes": 10
            }
          ],
          "question_votes": []
        }
      ],
      "Grade 12-Math": [
        {
          "id": "312",
          "name": "Matrix Operations",
          "questions": [
            "What are matrices used for and how do operations like multiplication work differently than with regular numbers?",
            "How are matrices used in computer graphics and transformations?"
          ],
          "answers": [
            {
              "id": "416",
              "questionIndex": 0,
              "author": "ELI5 Helper",
              "body": "Matrices are like organized tables of numbers that help us handle multiple equations or transformations at once. Imagine you have a bunch of toy blocks in different positions - a matrix can help you rotate, move, or resize all of them with just one operation! Matrix multiplication isn't just multiplying the matching spots like you might expect. Instead, it's like connecting inputs to outputs through all possible paths. This is super useful for computer graphics, solving systems of equations, organizing data, and representing real-world relationships between many variables at once!",
              "votes": 7
            },
            {
              "id": "512",
              "questionIndex": 1,
              "author": "ELI5 Helper",
              "body": "Matrices are the secret sauce behind computer graphics! When you see characters moving in a video game or 3D animation, matrices are making it happen. Every point on a 3D model has coordinates (x, y, z), and matrices let us transform all these points at once. Want to make your character bigger? Multiply by a scaling matrix. Need to rotate it? Use a rotation matrix. Moving it across the screen? That's a translation matrix! Even better, we can combine these transformations into a single matrix operation. When light effects, textures, and camera angles are calculated, it's all matrices working behind the scenes. Your computer can process millions of these calculations per second, creating the smooth visual experience in games and movies. That's why graphics cards are specially designed to handle matrix operations super efficiently!",
              "votes": 8
            }
          ],
          "question_votes": []
        }
      ],
      "Grade 12-Science": [
        {
          "id": "313",
          "name": "Quantum Mechanics Basics",
          "questions": [
            "What is quantum mechanics and why do particles behave differently at the quantum level compared to everyday objects?",
            "What is wave-particle duality and how does it relate to quantum mechanics?"
          ],
          "answers": [
            {
              "id": "410",
              "questionIndex": 0,
              "author": "QuantumQueen",
              "body": "Quantum mechanics is like the rulebook for tiny things like atoms and electrons. In our everyday world, objects have definite positions and properties. But in the quantum world, particles can act like waves, exist in multiple places at once (superposition), and even affect each other instantly across distances (entanglement). It's weird because these rules only become noticeable at super tiny scales, not in our daily lives.",
              "votes": 21
            },
            {
              "id": "426",
              "questionIndex": 0,
              "author": "ELI5 Helper",
              "body": "Quantum mechanics is the science of super tiny things, like atoms and the particles inside them. It's strange because these tiny things don't follow the same rules as the big things we see every day! In our normal world, a baseball is always in one place at a time. But in the quantum world, particles can be in many places at once (called superposition) until we look at them. They can also get \"entangled\" and affect each other instantly even if they're far apart, and they can tunnel through barriers they shouldn't have enough energy to cross! It's like the tiny world has its own magic rulebook. These weird behaviors only happen at the quantum scale - that's why we don't see basketballs suddenly appearing on the other side of walls!",
              "votes": 16
            },
            {
              "id": "513",
              "questionIndex": 1,
              "author": "ELI5 Helper",
              "body": "Wave-particle duality is one of the strangest ideas in quantum mechanics! It tells us that everything in the universe - light, electrons, even you and me - can behave both as a particle (like a tiny marble) AND as a wave (like ripples in water) depending on how we observe it. Light, for example, sometimes acts like particles called photons that bounce off mirrors, but other times spreads out like waves through slits in barriers, creating interference patterns. The famous \"double-slit experiment\" showed that even single electrons can interfere with themselves like waves! This duality is at the heart of quantum mechanics and challenges our everyday understanding of reality. It's like if a basketball could sometimes behave like a water wave! This isn't just a weird curiosity - it's fundamental to how our universe works at its smallest scales, enabling technologies from lasers to computer chips.",
              "votes": 12
            }
          ],
          "question_votes": []
        },
        {
          "id": "314",
          "name": "Acid-Base Reactions",
          "questions": [
            "What happens when acids and bases mix, and what determines the strength of an acid or base?",
            "What is pH and how is it related to acidity and alkalinity?"
          ],
          "answers": [
            {
              "id": "417",
              "questionIndex": 0,
              "author": "ELI5 Helper",
              "body": "When acids and bases mix, they have a special dance party! Acids donate H+ (hydrogen ions), while bases accept them. When they meet, these H+ ions transfer from the acid to the base, creating water and a salt - this is neutralization! Imagine acids as sour lemon juice and bases as bitter soap - when mixed in the right amounts, they cancel out each other's extreme properties. The strength depends on how easily they give or take these H+ ions. Strong acids and bases break apart completely in water (like HCl or NaOH), while weak ones (like vinegar) only partially separate, being more shy about sharing their H+ ions!",
              "votes": 8
            },
            {
              "id": "514",
              "questionIndex": 1,
              "author": "ELI5 Helper",
              "body": "pH is like a special ruler that measures how acidic or basic (alkaline) a solution is! The scale runs from 0 to 14, with 7 being neutral (pure water). Numbers below 7 are acidic (like lemon juice at about 2), and numbers above 7 are basic (like baking soda at about 9). Each step on the pH scale represents a 10-fold change in acidity - so a pH of 4 is 10 times more acidic than pH 5 and 100 times more acidic than pH 6! What's really happening is that pH measures the concentration of hydrogen ions (H+) in a solution. More H+ ions means more acidic and a lower pH. The name \"pH\" actually stands for \"potential of Hydrogen.\" Our bodies carefully control pH - your blood stays right around 7.4, because even small changes can affect how proteins work. That's why we have buffers in our blood that resist pH changes, keeping our chemistry working properly!",
              "votes": 9
            }
          ],
          "question_votes": []
        }
      ],
      "Grade 7-Math": [
        {
          "id": "315",
          "name": "Fractions, Decimals and Percentages",
          "questions": [
            "How are fractions, decimals, and percentages related? How do you convert between them?",
            "Why do we need different ways to represent parts of a whole?"
          ],
          "answers": [
            {
              "id": "411",
              "questionIndex": 0,
              "author": "NumberNinja",
              "body": "These are all just different ways to show parts of a whole! Fractions show parts as a ratio (1/4 means 1 out of 4 parts). To convert to a decimal, divide the top by the bottom (1/4 = 0.25). To make it a percentage, multiply the decimal by 100 (0.25 × 100 = 25%). So 1/4, 0.25, and 25% all represent exactly the same amount!",
              "votes": 13
            },
            {
              "id": "426",
              "questionIndex": 0,
              "author": "ELI5 Helper",
              "body": "Fractions, decimals, and percentages are just three different ways to show the same thing - parts of a whole! Imagine a pizza cut into 4 equal slices. If you eat 1 slice, you could say you ate: 1/4 (fraction) of the pizza, 0.25 (decimal) of the pizza, or 25% (percentage) of the pizza. To convert between them: For fraction to decimal: divide the top number by the bottom number (1÷4=0.25). For decimal to percentage: multiply by 100 (0.25×100=25%). For percentage to decimal: divide by 100 (25%÷100=0.25). For decimal to fraction: write as a fraction over powers of 10 and simplify (0.25=25/100=1/4). They're like different languages that all describe the same amount!",
              "votes": 13
            },
            {
              "id": "515",
              "questionIndex": 1,
              "author": "ELI5 Helper",
              "body": "We need different ways to represent parts of a whole because each format has advantages in different situations! Fractions (like 3/4) are great for precise values and when working with recipes or dividing things equally. Decimals (like 0.75) work better with our base-10 number system and are easier for calculations on calculators and computers. Percentages (like 75%) help us understand proportions intuitively - they tell us \"out of 100,\" which makes comparing values much easier for our brains. Think about shopping: a \"25% off\" sign is much clearer than \"pay 3/4 of the original price\" or \"pay 0.75 times the price.\" In science, we might prefer decimals for precision. In cooking, fractions are easier with measuring cups. It's like having different tools in a toolbox - you pick the right one for the job!",
              "votes": 11
            }
          ],
          "question_votes": []
        }
      ],
      "Grade 7-Science": [
        {
          "id": "316",
          "name": "The Cell Structure",
          "questions": [
            "What are cells and what are the main parts found inside them?",
            "How do plant and animal cells differ from each other?"
          ],
          "answers": [
            {
              "id": "412",
              "questionIndex": 0,
              "author": "CellularSage",
              "body": "Cells are tiny living units - like mini-factories that make up all living things! The main parts include: the cell membrane (the security guard that controls what goes in and out), the nucleus (the boss that holds DNA instructions), mitochondria (power plants that make energy), and cytoplasm (the jelly-like substance where everything floats). Plant cells also have cell walls (for protection) and chloroplasts (to make food from sunlight).",
              "votes": 13
            },
            {
              "id": "427",
              "questionIndex": 0,
              "author": "ELI5 Helper",
              "body": "Cells are like tiny building blocks that make up all living things - from bacteria to elephants to you! Think of each cell as a miniature city: The cell membrane is like a city wall with gates that controls what goes in and out. The nucleus is like city hall where all the important instructions (DNA) are kept. Mitochondria are power plants that make energy from food. The cytoplasm is like the city streets where everything moves around. The endoplasmic reticulum is like a delivery system moving materials around. Lysosomes are cleanup crews that break down waste. Ribosomes are like factories that build proteins. Plant cells have extra parts: a cell wall (outer fortress) and chloroplasts (solar panels for making food from sunlight). All these parts work together to keep the cell - and you - alive!",
              "votes": 14
            },
            {
              "id": "516",
              "questionIndex": 1,
              "author": "ELI5 Helper",
              "body": "Plant and animal cells are like different models of smartphones - they have the same basic functions but with some special features! Both have a cell membrane, nucleus, mitochondria, and other common parts. But plant cells have three major additions: 1) A rigid cell wall outside their membrane that gives structure and protection (that's why plants stand up straight but animals need skeletons). 2) Chloroplasts, which are like tiny solar panels that capture sunlight to make food through photosynthesis (animals can't make their own food). 3) A large central vacuole that stores water and helps maintain the cell's shape (animal cells have smaller vacuoles). Animal cells, on the other hand, often have centrioles that help with cell division, and they come in more varied shapes because they don't have rigid cell walls. Plant cells are typically more box-shaped, while animal cells can be round, long, star-shaped, or even constantly changing shape like immune cells!",
              "votes": 11
            }
          ],
          "question_votes": []
        }
      ]
    }
  }
}