[
  {
    "id": 201,
    "questionId": 101,
    "author": "SimplifierBot",
    "body": "Imagine sunlight is like a mix of all colors (like in a rainbow). When it hits the air, the tiny bits of air scatter the blue light much more than other colors. So, the blue light spreads all over the sky, making it look blue to us!",
    "votes": 5
  },
  {
    "id": 202,
    "questionId": 101,
    "author": "ScienceMom",
    "body": "Think of the air like tiny obstacles. Blue light bounces off them easily and goes everywhere, while red light travels straighter. That's why sunsets are red - the blue light got scattered away earlier!",
    "votes": 3
  },
  {
    "id": 203,
    "questionId": 102,
    "author": "CodeWizard",
    "body": "It's like a huge coloring book! The computer divides the picture into tiny squares (pixels) and assigns a specific number to the color of each square. It stores these numbers in order, like writing them down on a very, very long scroll.",
    "votes": 8
  },
  {
    "id": 204,
    "questionId": 103,
    "author": "MathGuru",
    "body": "They aren't \"imaginary\" like unicorns! Think of them as a new direction on a number line. You have left/right (positive/negative), and imaginary numbers add up/down. They help solve problems that regular numbers can't, especially in electronics and waves.",
    "votes": 2
  },
  {
    "id": 1,
    "questionId": 1,
    "author": "closure_expert",
    "body": "Think of a closure like a backpack that a function carries around. When a function is created, it can 'remember' variables from its parent scope, even after the parent function has finished running. It's like having a little memory box that keeps track of things it needs to know about.",
    "votes": 15
  },
  {
    "id": 2,
    "questionId": 1,
    "author": "js_teacher",
    "body": "Imagine you're at a party (the outer function) and you take a photo (the inner function). The photo captures not just you, but also the people and decorations around you. Even after the party ends, the photo still has that 'memory' of the environment. That's what closures do - they remember their surroundings!",
    "votes": 12
  },
  {
    "id": 3,
    "questionId": 2,
    "author": "react_dev",
    "body": "Think of the virtual DOM like a blueprint of your house. Instead of rebuilding the entire house when you want to change a light bulb, React first updates the blueprint (virtual DOM), compares it with the old blueprint, and only changes what's necessary in the actual house (real DOM). This makes updates much faster!",
    "votes": 8
  },
  {
    "id": 4,
    "questionId": 2,
    "author": "frontend_architect",
    "body": "The virtual DOM is like having a practice sketch before making the final drawing. React keeps a 'practice' version of your UI in memory, makes all the changes there first, then only updates the real webpage with the final changes. This way, it doesn't have to redraw everything from scratch!",
    "votes": 10
  },
  {
    "id": 5,
    "questionId": 3,
    "author": "js_mentor",
    "body": "Think of variables like different types of boxes in your room. 'var' is like a box you can open and change anytime, anywhere. 'let' is like a box you can only open in your room (block scope). 'const' is like a sealed box - once you put something in, you can't change it!",
    "votes": 20
  },
  {
    "id": 6,
    "questionId": 3,
    "author": "code_reviewer",
    "body": "It's like having different types of containers in your kitchen. 'var' is like a general container you can use anywhere. 'let' is like a container you can only use in a specific cabinet. 'const' is like a sealed container - once you put something in, it's permanent!",
    "votes": 15
  },
  {
    "id": 7,
    "questionId": 4,
    "author": "async_ninja",
    "body": "Think of async/await like ordering food at a restaurant. When you order (async), you don't just stand there waiting - you can do other things (like chat) while your food is being prepared. When it's ready (await), you can eat it. It's a way to handle waiting without blocking everything else!",
    "votes": 18
  },
  {
    "id": 8,
    "questionId": 4,
    "author": "js_wizard",
    "body": "Async/await is like having a personal assistant. You tell them to do something (async), and instead of waiting around, you can do other work. When they're done, they'll let you know (await), and you can continue with the result. It's a cleaner way to handle things that take time!",
    "votes": 14
  }
]
