{
  "topicsByGradeSubject": {
    "Grade 9-Math": [
      {
        "id": 301,
        "name": "Pythagorean Theorem",
        "question": "In a right-angled triangle, how are the lengths of the three sides related? Explain a² + b² = c² simply.",
        "answers": [
          {
            "id": 401,
            "author": "GeometryGuru",
            "body": "Imagine squares drawn on each side of a right triangle. The area of the two smaller squares added together exactly equals the area of the biggest square (the one on the longest side, called the hypotenuse).",
            "votes": 12
          },
          {
            "id": 402,
            "author": "VisualMath",
            "body": "Think of it like rearranging puzzle pieces. You can actually cut up the squares on the two shorter sides and fit them perfectly inside the square on the longest side.",
            "votes": 8
          }
        ]
      },
      {
        "id": 302,
        "name": "Solving Linear Equations",
        "question": "What does it mean to \"solve for x\" in an equation like 2x + 3 = 11? How do you figure out what x is?",
        "answers": [
          {
            "id": 403,
            "author": "AlgebraAnnie",
            "body": "It's like a balancing scale. The equals sign means both sides are balanced. To find x, you do the same thing to both sides (like taking away 3, then dividing by 2) to keep it balanced until x is alone.",
            "votes": 15
          }
        ]
      }
    ],
    "Grade 9-Science": [
      {
        "id": 303,
        "name": "Photosynthesis",
        "question": "How do plants make their own food using sunlight, water, and air? Explain photosynthesis simply.",
        "answers": [
          {
            "id": 404,
            "author": "BiologyBen",
            "body": "Plants are like tiny chefs! They take water from the ground, carbon dioxide from the air, and use the energy from sunlight to mix them together inside their leaves, creating sugary food (glucose) to live and grow. Oxygen is leftover, which they release for us to breathe!",
            "votes": 10
          }
        ]
      }
    ],
    "Grade 10-Math": [
       {
        "id": 304,
        "name": "Quadratic Formula",
        "question": "What is the quadratic formula used for, and how does it help find the solutions to equations like ax² + bx + c = 0?",
        "answers": []
      }
    ]
  }
}