[
    {
      "id": 1,
      "title": "What is a closure in JavaScript?",
      "author": "js_expert",
      "topic": "Computer Science",
      "tags": ["javascript", "closures", "functions"],
      "body": "I've heard about closures but I'm not sure what they are. Can someone explain in simple terms?",
      "solved": true
    },
    {
      "id": 2,
      "title": "How does React's virtual DOM work?",
      "author": "react_learner",
      "topic": "Computer Science",
      "tags": ["react", "virtual-dom", "performance"],
      "body": "I keep hearing about virtual DOM but I don't understand how it makes React fast. Can someone explain?",
      "solved": false
    },
    {
      "id": 3,
      "title": "What's the difference between let, const, and var?",
      "author": "js_beginner",
      "topic": "Computer Science",
      "tags": ["javascript", "variables", "scope"],
      "body": "I'm confused about when to use let, const, or var. Can someone explain the differences?",
      "solved": true
    },
    {
      "id": 4,
      "title": "How does async/await work in JavaScript?",
      "author": "async_learner",
      "topic": "Computer Science",
      "tags": ["javascript", "async", "promises"],
      "body": "I understand promises but async/await is still confusing. Can someone break it down?",
      "solved": false
    },
    {
      "id": 101,
      "title": "Why is the sky blue?",
      "author": "CuriousKid",
      "topic": "Physics",
      "tags": ["visual", "nature", "light"],
      "body": "My little sister asked me why the sky is blue and not purple or green. I tried to explain Rayleigh scattering but she got bored. How can I explain it really simply?",
      "solved": false
    },
    {
      "id": 102,
      "title": "How does a computer store pictures?",
      "author": "TechNewbie",
      "topic": "Computer Science",
      "tags": ["analogy", "digital"],
      "body": "I know pictures are made of pixels, but how does the computer remember all the colors for millions of pixels? Is it like a giant list? How does it not run out of space?",
      "solved": false
    },
    {
      "id": 103,
      "title": "What are imaginary numbers?",
      "author": "MathConfused",
      "topic": "Mathematics",
      "tags": ["abstract", "story"],
      "body": "My teacher mentioned imaginary numbers (like sqrt(-1)) but didn't explain *why* they exist or what they are used for. Are they actually real? Can someone explain the point?",
      "solved": false
    },
    {
      "id": 104,
      "title": "Why do we dream?",
      "author": "SleepyHead",
      "topic": "Biology",
      "tags": ["psychology", "brain"],
      "body": "Sometimes my dreams are really weird and random. What's happening in my brain when I dream? Is it important?",
      "solved": false
    }
] 