{
  "users": [
    {
      "id": 1,
      "username": "js_beginner",
      "email": "js_beginner@example.com",
      "password": "password123",
      "avatar": "https://api.dicebear.com/7.x/avataaars/svg?seed=js_beginner",
      "score": 75,
      "votes": 45,
      "questionsAsked": 2,
      "answersGiven": 5,
      "bestAnswers": 3,
      "exploreScore": 82,
      "exploreVotes": 38,
      "exploreAnswers": 7,
      "exploreBestAnswers": 4,
      "joinDate": "2024-01-15"
    },
    {
      "id": 2,
      "username": "react_dev",
      "email": "react_dev@example.com",
      "password": "password123",
      "avatar": "https://api.dicebear.com/7.x/avataaars/svg?seed=react_dev",
      "score": 85,
      "votes": 78,
      "questionsAsked": 3,
      "answersGiven": 8,
      "bestAnswers": 5,
      "exploreScore": 78,
      "exploreVotes": 65,
      "exploreAnswers": 10,
      "exploreBestAnswers": 6,
      "joinDate": "2024-01-10"
    },
    {
      "id": 3,
      "username": "closure_expert",
      "email": "closure_expert@example.com",
      "password": "password123",
      "avatar": "https://api.dicebear.com/7.x/avataaars/svg?seed=closure_expert",
      "score": 92,
      "votes": 92,
      "questionsAsked": 1,
      "answersGiven": 12,
      "bestAnswers": 8,
      "exploreScore": 88,
      "exploreVotes": 75,
      "exploreAnswers": 9,
      "exploreBestAnswers": 7,
      "joinDate": "2024-01-05"
    },
    {
      "id": 4,
      "username": "js_teacher",
      "email": "js_teacher@example.com",
      "password": "password123",
      "avatar": "https://api.dicebear.com/7.x/avataaars/svg?seed=js_teacher",
      "score": 95,
      "votes": 120,
      "questionsAsked": 0,
      "answersGiven": 15,
      "bestAnswers": 10,
      "exploreScore": 90,
      "exploreVotes": 95,
      "exploreAnswers": 12,
      "exploreBestAnswers": 9,
      "joinDate": "2024-01-01"
    },
    {
      "id": 5,
      "username": "frontend_architect",
      "email": "frontend_architect@example.com",
      "password": "password123",
      "avatar": "https://api.dicebear.com/7.x/avataaars/svg?seed=frontend_architect",
      "score": 88,
      "votes": 105,
      "questionsAsked": 2,
      "answersGiven": 10,
      "bestAnswers": 7,
      "exploreScore": 85,
      "exploreVotes": 88,
      "exploreAnswers": 11,
      "exploreBestAnswers": 8,
      "joinDate": "2024-01-08"
    },
    {
      "id": 6,
      "username": "js_mentor",
      "email": "js_mentor@example.com",
      "password": "password123",
      "avatar": "https://api.dicebear.com/7.x/avataaars/svg?seed=js_mentor",
      "score": 96,
      "votes": 150,
      "questionsAsked": 1,
      "answersGiven": 18,
      "bestAnswers": 12,
      "exploreScore": 94,
      "exploreVotes": 120,
      "exploreAnswers": 15,
      "exploreBestAnswers": 11,
      "joinDate": "2024-01-03"
    },
    {
      "id": 7,
      "username": "code_reviewer",
      "email": "code_reviewer@example.com",
      "password": "password123",
      "avatar": "https://api.dicebear.com/7.x/avataaars/svg?seed=code_reviewer",
      "score": 82,
      "votes": 85,
      "questionsAsked": 0,
      "answersGiven": 9,
      "bestAnswers": 6,
      "exploreScore": 80,
      "exploreVotes": 72,
      "exploreAnswers": 8,
      "exploreBestAnswers": 5,
      "joinDate": "2024-01-12"
    },
    {
      "id": 8,
      "username": "async_ninja",
      "email": "async_ninja@example.com",
      "password": "password123",
      "avatar": "https://api.dicebear.com/7.x/avataaars/svg?seed=async_ninja",
      "score": 90,
      "votes": 115,
      "questionsAsked": 1,
      "answersGiven": 13,
      "bestAnswers": 9,
      "exploreScore": 87,
      "exploreVotes": 98,
      "exploreAnswers": 14,
      "exploreBestAnswers": 10,
      "joinDate": "2024-01-07"
    },
    {
      "id": 9,
      "username": "js_wizard",
      "email": "js_wizard@example.com",
      "password": "password123",
      "avatar": "https://api.dicebear.com/7.x/avataaars/svg?seed=js_wizard",
      "score": 93,
      "votes": 135,
      "questionsAsked": 0,
      "answersGiven": 16,
      "bestAnswers": 11,
      "exploreScore": 91,
      "exploreVotes": 110,
      "exploreAnswers": 13,
      "exploreBestAnswers": 10,
      "joinDate": "2024-01-04"
    },
    {
      "id": 10,
      "username": "SleepyHead",
      "email": "sleepyhead@example.com",
      "password": "password123",
      "avatar": "https://api.dicebear.com/7.x/avataaars/svg?seed=SleepyHead",
      "score": 70,
      "votes": 35,
      "questionsAsked": 1,
      "answersGiven": 4,
      "bestAnswers": 2,
      "exploreScore": 75,
      "exploreVotes": 30,
      "exploreAnswers": 5,
      "exploreBestAnswers": 3,
      "joinDate": "2024-01-20"
    },
    {
      "id": 11,
      "username": "MathConfused",
      "email": "mathconfused@example.com",
      "password": "password123",
      "avatar": "https://api.dicebear.com/7.x/avataaars/svg?seed=MathConfused",
      "score": 65,
      "votes": 25,
      "questionsAsked": 2,
      "answersGiven": 3,
      "bestAnswers": 1,
      "exploreScore": 68,
      "exploreVotes": 22,
      "exploreAnswers": 4,
      "exploreBestAnswers": 2,
      "joinDate": "2024-01-18"
    },
    {
      "id": 12,
      "username": "CuriousCoder",
      "email": "curiouscoder@example.com",
      "password": "password123",
      "avatar": "https://api.dicebear.com/7.x/avataaars/svg?seed=CuriousCoder",
      "score": 80,
      "votes": 50,
      "questionsAsked": 3,
      "answersGiven": 6,
      "bestAnswers": 4,
      "exploreScore": 78,
      "exploreVotes": 45,
      "exploreAnswers": 8,
      "exploreBestAnswers": 5,
      "joinDate": "2024-01-16"
    },
    {
      "id": 13,
      "username": "CodeNewbie",
      "email": "codenewbie@example.com",
      "password": "password123",
      "avatar": "https://api.dicebear.com/7.x/avataaars/svg?seed=CodeNewbie",
      "score": 60,
      "votes": 20,
      "questionsAsked": 4,
      "answersGiven": 2,
      "bestAnswers": 1,
      "exploreScore": 65,
      "exploreVotes": 18,
      "exploreAnswers": 3,
      "exploreBestAnswers": 1,
      "joinDate": "2024-01-22"
    },
    {
      "id": 14,
      "username": "TechExplorer",
      "email": "techexplorer@example.com",
      "password": "password123",
      "avatar": "https://api.dicebear.com/7.x/avataaars/svg?seed=TechExplorer",
      "score": 85,
      "votes": 60,
      "questionsAsked": 2,
      "answersGiven": 7,
      "bestAnswers": 5,
      "exploreScore": 82,
      "exploreVotes": 55,
      "exploreAnswers": 9,
      "exploreBestAnswers": 6,
      "joinDate": "2024-01-14"
    },
    {
      "id": 15,
      "username": "GeometryGuru",
      "email": "geometryguru@example.com",
      "password": "password123",
      "avatar": "https://api.dicebear.com/7.x/avataaars/svg?seed=GeometryGuru",
      "score": 85,
      "votes": 70,
      "questionsAsked": 1,
      "answersGiven": 8,
      "bestAnswers": 6,
      "exploreScore": 92,
      "exploreVotes": 85,
      "exploreAnswers": 10,
      "exploreBestAnswers": 8,
      "joinDate": "2024-01-02"
    },
    {
      "id": 16,
      "username": "VisualMath",
      "email": "visualmath@example.com",
      "password": "password123",
      "avatar": "https://api.dicebear.com/7.x/avataaars/svg?seed=VisualMath",
      "score": 82,
      "votes": 65,
      "questionsAsked": 0,
      "answersGiven": 7,
      "bestAnswers": 5,
      "exploreScore": 88,
      "exploreVotes": 75,
      "exploreAnswers": 9,
      "exploreBestAnswers": 7,
      "joinDate": "2024-01-06"
    },
    {
      "id": 17,
      "username": "AlgebraAnnie",
      "email": "algebraannie@example.com",
      "password": "password123",
      "avatar": "https://api.dicebear.com/7.x/avataaars/svg?seed=AlgebraAnnie",
      "score": 90,
      "votes": 80,
      "questionsAsked": 0,
      "answersGiven": 9,
      "bestAnswers": 7,
      "exploreScore": 95,
      "exploreVotes": 90,
      "exploreAnswers": 11,
      "exploreBestAnswers": 9,
      "joinDate": "2024-01-09"
    },
    {
      "id": 18,
      "username": "BiologyBen",
      "email": "biologyben@example.com",
      "password": "password123",
      "avatar": "https://api.dicebear.com/7.x/avataaars/svg?seed=BiologyBen",
      "score": 88,
      "votes": 75,
      "questionsAsked": 1,
      "answersGiven": 8,
      "bestAnswers": 6,
      "exploreScore": 90,
      "exploreVotes": 82,
      "exploreAnswers": 10,
      "exploreBestAnswers": 8,
      "joinDate": "2024-01-11"
    }
  ]
} 